"State Name";;;;;"Img Process";"Img Process";"Img Process";"Img Process"
"Step Name";;;;;"Find Primary Centre";"Find Primary Centre";"Find Ghost centre";"Find Ghost centre"
"Result Name";;;;;"Center.X Position (Pixel)";"Center.Y Position (Pixel)";"Center.X Position (Pixel)";"Center.Y Position (Pixel)"
Units;;;;;pix;pix;pix;pix
Iteration;Date;Time;"Time (milliseconds)";Status
6;2026/05/27;10:33:56,441;;Pass;1104,51794;1594,82617;1105,57520;1584,28845
6;2026/05/27;10:33:56,498;;Pass;1427,40894;1602,36047;1429,06665;1591,27124
6;2026/05/27;10:33:56,559;;Pass;963,24182;1273,24438;963,99402;1262,61072
6;2026/05/27;10:33:56,618;;Pass;1643,10876;1509,82434;1644,43140;1499,15137
6;2026/05/27;10:33:56,697;;Pass;1211,87720;1595,70361;1213,02539;1584,67920
6;2026/05/27;10:33:56,743;;Pass;1421,85938;1495,88879;1423,04272;1484,58203
6;2026/05/27;10:33:56,803;;Pass;1074,77881;1272,30896;1076,33484;1260,68787
6;2026/05/27;10:33:56,866;;Pass;1531,73682;1502,30200;1532,80615;1491,78638
6;2026/05/27;10:33:56,931;;Pass;1536,76685;1607,81335;1537,95837;1596,78992
6;2026/05/27;10:33:56,993;;Pass;1759,25037;1728,58459;1759,74731;1717,43579
6;2026/05/27;10:33:57,058;;Pass;1869,83862;1740,15356;1870,70154;1728,24475
6;2026/05/27;10:33:57,122;;Pass;1415,74487;1387,26538;1416,02319;1375,43420
6;2026/05/27;10:33:57,186;;Pass;1318,79395;1598,30103;1320,47290;1587,27771
6;2026/05/27;10:33:57,251;;Pass;1311,79431;1491,46960;1313,98779;1479,98669
6;2026/05/27;10:33:57,317;;Pass;1980,91174;1753,42700;1981,98218;1741,91980
6;2026/05/27;10:33:57,383;;Pass;1095,54333;1488,05261;1097,11499;1476,53027
6;2026/05/27;10:33:57,449;;Pass;1649,30127;1719,45764;1650,84106;1708,06250
6;2026/05/27;10:33:57,521;;Pass;975,34558;1381,12415;975,75507;1369,69702
6;2026/05/27;10:33:57,589;;Pass;1981,83496;1648,39111;1982,68787;1636,68530
6;2026/05/27;10:33:57,657;;Pass;1204,00476;1489,00171;1204,12024;1477,37256
6;2026/05/27;10:33:57,724;;Pass;986,87390;1488,33057;987,80597;1476,84314
6;2026/05/27;10:33:57,793;;Pass;1527,10510;1391,69543;1527,56616;1379,44385
6;2026/05/27;10:33:57,860;;Pass;1437,41211;1808,96118;1438,85388;1797,99158
6;2026/05/27;10:33:57,927;;Pass;1296,66797;1274,76685;1298,59875;1263,21069
6;2026/05/27;10:33:58,076;;Pass;1759,81311;1833,38757;1760,80896;1822,03894
6;2026/05/27;10:33:58,144;;Pass;2092,75391;1768,00220;2093,50488;1755,97107
6;2026/05/27;10:33:58,211;;Pass;1409,32178;1277,67859;1410,17297;1265,64001
6;2026/05/27;10:33:58,280;;Pass;1647,03369;1615,52161;1648,10938;1604,11389
6;2026/05/27;10:33:58,352;;Pass;2089,39282;1871,67114;2089,83838;1859,74500
6;2026/05/27;10:33:58,422;;Pass;1304,33740;1384,26184;1306,49304;1372,12427
6;2026/05/27;10:33:58,494;;Pass;1640,15161;1397,73621;1641,04590;1385,39307
6;2026/05/27;10:33:58,566;;Pass;1978,78650;1856,95447;1979,66736;1845,85046
6;2026/05/27;10:33:58,636;;Pass;1754,55737;1405,90271;1755,08667;1394,20837
6;2026/05/27;10:33:58,711;;Pass;1976,29407;1958,63440;1977,80811;1947,80334
6;2026/05/27;10:33:58,780;;Pass;997,83038;1594,76160;998,77478;1584,01331
6;2026/05/27;10:33:58,870;;Pass;1651,36536;1823,91711;1652,71716;1812,19971
6;2026/05/27;10:33:58,923;;Pass;1983,50891;1539,29675;1984,08582;1528,65283
6;2026/05/27;10:33:59,039;;Pass;1085,29651;1381,10168;1087,59509;1368,85645
6;2026/05/27;10:33:59,112;;Pass;2095,66675;1662,67834;2096,38647;1650,85291
6;2026/05/27;10:33:59,185;;Pass;1522,70422;1281,36890;1522,76843;1269,07117
6;2026/05/27;10:33:59,259;;Pass;2085,91748;1973,79175;2086,32520;1961,78296
6;2026/05/27;10:33:59,331;;Pass;1869,08887;1844,31104;1870,34338;1831,48523
6;2026/05/27;10:33:59,403;;Pass;1636,90515;1286,67090;1637,89026;1274,36743
6;2026/05/27;10:33:59,476;;Pass;1543,79321;1815,80652;1545,00879;1805,19482
6;2026/05/27;10:33:59,551;;Pass;1195,24365;1382,03540;1195,58130;1370,53198
6;2026/05/27;10:33:59,624;;Pass;1756,04187;1518,02917;1756,64343;1507,68079
6;2026/05/27;10:33:59,697;;Pass;1185,98438;1272,92896;1186,26599;1261,70874
6;2026/05/27;10:33:59,775;;Pass;1867,94128;1945,42407;1868,93689;1934,20972
6;2026/05/27;10:33:59,857;;Pass;1540,25891;1712,20276;1540,50134;1699,85791
6;2026/05/27;10:33:59,935;;Pass;1869,49194;1527,97107;1869,39355;1516,99219
6;2026/05/27;10:34:00,016;;Pass;1331,10913;1803,83569;1333,52490;1792,15564
6;2026/05/27;10:34:00,092;;Pass;1757,85583;1624,98096;1758,34485;1612,73730
6;2026/05/27;10:34:00,169;;Pass;1869,40271;1635,85107;1869,86279;1623,46362
6;2026/05/27;10:34:00,246;;Pass;1752,10596;1293,40869;1752,74072;1280,93433
6;2026/05/27;10:34:00,322;;Pass;1432,66296;1706,03943;1434,42065;1693,85681
6;2026/05/27;10:34:00,401;;Pass;1984,47009;1427,42444;1984,86743;1415,07849
6;2026/05/27;10:34:00,480;;Pass;1869,09131;1415,68787;1869,33093;1403,45020
6;2026/05/27;10:34:00,560;;Pass;1226,18689;1799,75403;1227,25500;1788,98596
6;2026/05/27;10:34:00,640;;Pass;2102,06689;1327,19873;2103,23267;1315,84399
6;2026/05/27;10:34:00,720;;Pass;2098,82788;1552,76135;2099,58740;1541,92053
6;2026/05/27;10:34:00,799;;Pass;1760,02283;1933,83777;1761,15601;1922,28638
6;2026/05/27;10:34:00,879;;Pass;2100,58350;1440,88098;2102,00684;1429,09631
6;2026/05/27;10:34:00,959;;Pass;1008,63336;1696,01013;1009,23352;1685,01917
6;2026/05/27;10:34:01,037;;Pass;1218,83789;1698,40784;1219,75330;1686,69495
6;2026/05/27;10:34:01,115;;Pass;1324,84509;1701,39917;1327,08386;1689,31421
6;2026/05/27;10:34:01,196;;Pass;1113,39282;1696,40369;1114,49475;1684,95178
6;2026/05/27;10:34:01,277;;Pass;1121,66943;1797,05627;1123,05359;1786,36218
6;2026/05/27;10:34:01,355;;Pass;1653,42456;1923,02832;1654,56836;1911,99890
6;2026/05/27;10:34:01,514;;Pass;1984,45886;1313,84900;1984,34705;1302,43604
6;2026/05/27;10:34:01,595;;Pass;1867,96899;1302,58972;1868,23511;1290,26709
6;2026/05/27;10:34:01,677;;Pass;1547,20813;1913,76074;1548,82861;1902,52368
6;2026/05/27;10:34:01,769;;Pass;1441,98047;1906,26074;1442,84045;1895,87781
6;2026/05/27;10:34:01,896;;Pass;1017,82141;1795,95374;1018,95178;1785,12280
6;2026/05/27;10:34:01,977;;Pass;1233,32300;1897,20215;1233,61560;1886,46143
6;2026/05/27;10:34:02,061;;Pass;1337,00159;1901,07874;1338,55505;1889,74475
6;2026/05/27;10:34:02,144;;Pass;1027,17932;1893,16101;1028,36609;1883,34143
6;2026/05/27;10:34:02,228;;Pass;1129,61060;1894,39099;1131,50903;1885,08020
